start,k0_pup,k0_ecart,k2_pup,k2_ecart
1790640000,0.2500,-0.0002681,0.5000,0.0001183
1790640300,0.2500,-0.0005013,1.0000,0.0003293
1790640600,0.1250,-0.0004797,0.0000,-0.0008249
1790640900,0.6250,0.0000826,0.0000,-0.0010803
1790641200,0.8750,0.0004320,0.3750,-0.0002702
1790641500,0.3750,-0.0004145,1.0000,0.0013887
1790641800,0.2500,-0.0004262,0.0000,-0.0006524
1790642100,0.5000,0.0001824,1.0000,0.0005286
1790642400,0.2500,-0.0001536,0.2500,-0.0005666
1790642700,0.2500,-0.0003480,0.0000,-0.0017862
1790643000,0.2500,-0.0003735,0.0000,-0.0012661
1790643300,0.3750,-0.0005006,0.7500,0.0002103
1790643600,0.2500,-0.0003092,0.2500,-0.0004912
1790643900,0.3750,0.0001146,0.0000,-0.0008179
1790644200,1.0000,0.0008255,0.6250,0.0000968
1790644500,0.8750,0.0008967,0.1250,-0.0005655
1790644800,0.8750,0.0009656,1.0000,0.0009925
1790645100,0.7500,0.0005956,0.6250,0.0000255
1790645400,0.6250,0.0002216,0.8750,0.0007303
1790645700,0.6250,0.0005030,0.0000,-0.0016888
1790646000,0.7500,0.0003850,1.0000,0.0015142
1790646300,0.5000,0.0004372,1.0000,0.0017576
1790646600,0.7500,0.0002309,0.0000,-0.0009869
1790646900,0.2500,-0.0004128,0.1250,-0.0002412
1790647200,0.6250,0.0002503,0.3750,-0.0004421
1790647500,0.5000,0.0002833,0.0000,-0.0008537
1790647800,0.3750,0.0000405,0.0000,-0.0006462
1790648100,0.2500,-0.0005449,0.6250,0.0001938
1790648400,0.6250,0.0003420,0.1250,-0.0007506
1790648700,0.6250,0.0001581,0.1250,-0.0006209
1790649000,0.6250,0.0003585,0.5000,0.0000677
1790649300,0.7500,0.0005288,1.0000,0.0009057
1790649600,0.2500,-0.0006910,0.5000,-0.0000132
1790649900,0.3750,0.0002056,1.0000,0.0009495
1790650200,0.1250,-0.0007320,0.0000,-0.0010168
1790650500,0.7500,0.0005460,0.6250,0.0005479
1790650800,0.3750,-0.0002719,0.8750,0.0002823
1790651100,0.1250,-0.0003108,0.3750,-0.0001298
1790651400,0.2500,-0.0002389,0.3750,-0.0000600
1790651700,0.1250,-0.0003684,0.1250,-0.0005703
1790652000,0.5000,0.0002207,1.0000,0.0009189
1790652300,0.3750,-0.0001160,0.2500,-0.0001941
1790652600,0.7500,0.0004629,0.2500,-0.0009926
1790652900,0.3750,-0.0002104,0.3750,-0.0002476
1790653200,0.1250,-0.0006947,0.7500,0.0004622
1790653500,0.3750,-0.0005471,0.3750,-0.0002455
1790653800,0.2500,-0.0003480,0.1250,-0.0005963
1790654100,0.1250,-0.0005006,0.1250,-0.0004969
1790654400,0.6250,0.0002042,0.3750,0.0000977
1790654700,0.2500,-0.0005600,0.2500,-0.0004595
1790655000,0.2500,-0.0005333,1.0000,0.0009980
1790655300,0.5000,-0.0000803,0.3750,-0.0003038
1790655600,0.1250,-0.0007840,0.7500,0.0001563
1790655900,0.2500,-0.0005419,0.0000,-0.0009127
1790656200,0.3750,-0.0000364,0.1250,-0.0006016
1790656500,0.0000,-0.0009211,0.0000,-0.0008803
1790656800,0.1250,-0.0005222,0.5000,-0.0001266
1790657100,0.1250,-0.0002815,0.1250,-0.0003804
1790657400,0.2500,-0.0005597,1.0000,0.0011663
1790657700,0.2500,-0.0006837,0.2500,-0.0000259
1790658000,0.1250,-0.0005739,1.0000,0.0007469
1790658300,0.7500,0.0002411,0.0000,-0.0009741
1790658600,0.3750,0.0000206,0.8750,0.0007087
1790658900,0.5000,-0.0000184,0.6250,0.0001957
1790659200,0.3750,-0.0001545,0.1250,-0.0003072
1790659500,0.5000,0.0000086,0.6250,0.0001661
1790659800,0.5000,-0.0001517,0.0000,-0.0019910
1790660100,0.5000,-0.0001948,0.1250,-0.0010710
1790660400,0.3750,-0.0004145,1.0000,0.0011286
1790660700,0.2500,-0.0004273,0.0000,-0.0011537
1790661000,0.6250,0.0001448,0.7500,0.0002360
1790661300,0.5000,-0.0002692,0.6250,0.0002854
1790661600,0.3750,-0.0002953,0.6250,0.0000775
1790661900,0.5000,-0.0002466,0.7500,0.0003868
1790662200,0.0000,-0.0010924,0.5000,0.0001400
1790662500,0.1250,-0.0013395,0.0000,-0.0016923
1790662800,0.3750,-0.0004633,0.7500,0.0008143
1790663100,0.6250,-0.0000679,0.3750,-0.0004222
1790663400,0.2500,-0.0005351,1.0000,0.0007925
1790663700,0.0000,-0.0007590,0.1250,-0.0005207
1790664000,0.6250,-0.0000585,0.5000,-0.0000768
1790664300,0.2500,-0.0009239,0.5000,-0.0001848
1790664600,0.1250,-0.0004878,1.0000,0.0012147
1790664900,0.2500,-0.0011389,0.2500,-0.0002194
1790665200,0.1250,-0.0007927,0.0000,-0.0029650
1790665500,0.3750,-0.0003238,0.7500,0.0004376
1790665800,0.2500,-0.0004672,1.0000,0.0009159
1790666100,0.3750,-0.0000845,0.7500,0.0011891
1790666400,0.1250,-0.0008099,0.6250,-0.0000693
1790666700,0.7500,0.0007278,0.6250,0.0000114
1790667000,0.5000,-0.0004869,0.0000,-0.0011994
1790667300,0.2500,-0.0004964,0.6250,0.0000327
1790667600,0.6250,0.0003587,0.1250,-0.0007920
1790667900,0.6250,0.0000839,0.1250,-0.0003939
1790668200,0.2500,-0.0005665,0.6250,-0.0001887
1790668500,0.6250,0.0002523,0.1250,-0.0009453
1790668800,0.6250,0.0006459,1.0000,0.0008478
1790669100,0.3750,-0.0003958,0.8750,0.0006361
1790669400,0.3750,-0.0003616,0.5000,-0.0000851
1790669700,0.6250,0.0004462,1.0000,0.0013656
1790670000,1.0000,0.0012471,1.0000,0.0031264
1790670300,0.2500,-0.0002509,0.7500,0.0001255
1790670600,0.2500,-0.0006283,0.0000,-0.0018810
1790670900,0.8750,0.0011829,0.1250,-0.0004744
1790671200,0.2500,-0.0002847,0.1250,-0.0007243
1790671500,0.2500,-0.0002488,0.5000,-0.0002335
1790671800,0.3750,-0.0002965,0.0000,-0.0008139
1790672100,0.6250,0.0001158,0.7500,0.0009468
1790672400,0.3750,0.0001508,0.2500,-0.0001800
1790672700,0.8750,0.0008774,0.8750,0.0012041
1790673000,0.6250,0.0001663,0.5000,-0.0003891
1790673300,0.7500,0.0003123,0.7500,0.0008367
1790673600,0.2500,-0.0006093,0.8750,0.0004082
1790673900,0.6250,0.0002768,0.5000,0.0001982
1790674200,0.3750,-0.0001706,0.8750,0.0006299
1790674500,0.3750,-0.0004570,0.2500,-0.0004052
1790674800,0.3750,-0.0003677,0.1250,-0.0009050
1790675100,0.0000,-0.0008270,0.7500,0.0001471
1790675400,0.2500,-0.0002876,0.0000,-0.0008613
1790675700,0.2500,-0.0002122,0.1250,-0.0006078
1790676000,0.5000,0.0000543,0.0000,-0.0009287
1790676300,0.6250,-0.0000683,0.6250,0.0001005
1790676600,0.6250,0.0002624,1.0000,0.0004474
1790676900,0.3750,-0.0003329,0.5000,0.0000139
1790677200,0.3750,-0.0003293,0.0000,-0.0011705
1790677500,0.6250,0.0000273,1.0000,0.0006113
1790677800,0.3750,0.0001579,0.3750,-0.0003233
1790678100,0.6250,-0.0000012,0.6250,0.0001210
1790678400,0.3750,-0.0001264,0.5000,-0.0000882
1790678700,0.3750,-0.0000607,0.6250,0.0002529
1790679000,0.5000,-0.0000695,0.6250,0.0001117
1790679300,0.6250,0.0002577,0.6250,-0.0000076
1790679600,0.6250,0.0000625,1.0000,0.0004987
1790679900,0.5000,-0.0001953,1.0000,0.0008352
1790680200,0.5000,0.0000068,0.0000,-0.0004417
1790680500,0.2500,-0.0002043,0.0000,-0.0007065
1790680800,0.5000,-0.0001831,0.6250,0.0000566
1790681100,0.3750,-0.0001571,0.3750,-0.0000025
1790681400,0.3750,-0.0003109,1.0000,0.0006639
1790681700,0.3750,-0.0003913,0.6250,-0.0001676
1790682000,0.0000,-0.0006188,0.0000,-0.0012088
1790682300,0.2500,-0.0002821,0.7500,0.0004395
1790682600,0.2500,-0.0005795,0.1250,-0.0013625
1790682900,0.1250,-0.0009243,0.3750,-0.0000654
1790683200,0.2500,-0.0011839,0.3750,-0.0001545
1790683500,0.2500,-0.0005539,0.0000,-0.0004725
1790683800,0.1250,-0.0007068,0.3750,-0.0000684
1790684100,0.1250,-0.0004211,1.0000,0.0018952
1790684400,0.1250,-0.0017989,0.0000,-0.0027878
1790684700,0.5000,-0.0000576,0.3750,-0.0002759
1790685000,0.2500,-0.0006094,0.8750,0.0007109
1790685300,0.0000,-0.0011968,0.0000,-0.0011456
1790685600,0.1250,-0.0012909,0.0000,-0.0013261
1790685900,0.2500,-0.0005041,0.1250,-0.0016309
1790686200,0.1250,-0.0005178,0.0000,-0.0008686
1790686500,0.5000,0.0000714,0.5000,0.0003024
1790686800,0.6250,0.0000312,0.5000,-0.0000855
1790687100,0.3750,-0.0001373,0.8750,0.0003018
1790687400,0.7500,0.0000011,0.0000,-0.0009050
1790687700,0.0000,-0.0004986,0.0000,-0.0005959
1790688000,0.3750,-0.0001263,0.1250,-0.0001954
1790688300,0.6250,0.0001721,0.0000,-0.0007444
1790688600,0.1250,-0.0006785,0.0000,-0.0026768
1790688900,0.5000,0.0002709,0.5000,0.0000179
1790689200,0.5000,0.0002532,0.1250,-0.0007001
1790689500,0.7500,0.0006153,0.2500,-0.0004259
1790689800,1.0000,0.0011906,1.0000,0.0008794
1790690100,0.5000,-0.0000267,0.1250,-0.0002433
1790690400,0.6250,0.0005620,0.3750,-0.0002249
1790690700,0.5000,-0.0005228,0.0000,-0.0017132
1790691000,0.5000,-0.0000379,0.2500,-0.0002607
1790691300,0.2500,-0.0005050,0.0000,-0.0019071
1790691600,0.3750,0.0001600,0.3750,-0.0004770
1790691900,0.3750,-0.0001910,1.0000,0.0018592
1790692200,0.3750,-0.0004442,0.7500,0.0003406
1790692500,0.5000,0.0000208,0.0000,-0.0015257
1790692800,0.7500,0.0002778,1.0000,0.0013002
1790693100,0.3750,-0.0001637,1.0000,0.0011956
1790693400,0.3750,0.0000016,1.0000,0.0011345
1790693700,0.8750,0.0007955,1.0000,0.0009838
1790694000,0.3750,-0.0000374,0.0000,-0.0009887
1790694300,1.0000,0.0010610,0.0000,-0.0012062
1790694600,1.0000,0.0012122,1.0000,0.0010966
1790694900,0.8750,0.0012634,1.0000,0.0023456
1790695200,1.0000,0.0022624,0.8750,0.0004576
1790695500,0.8750,0.0032856,0.7500,0.0002952
1790695800,0.8750,0.0018517,0.7500,0.0013256
1790696100,0.6250,0.0007950,0.3750,-0.0007983
1790696400,0.5000,-0.0002650,0.5000,0.0001767
1790696700,0.6250,0.0001334,0.2500,-0.0007130
1790697000,0.5000,-0.0005116,0.1250,-0.0025114
1790697300,0.6250,0.0002340,0.5000,0.0004577
1790697600,0.6250,0.0001637,0.8750,0.0014824
1790697900,0.7500,0.0016584,0.5000,-0.0002356
1790698200,0.5000,-0.0001058,0.7500,0.0006340
1790698500,0.5000,0.0002704,0.8750,0.0012865
1790698800,0.3750,-0.0001246,0.6250,0.0001589
1790699100,0.0000,-0.0013443,0.3750,0.0002294
1790699400,0.5000,-0.0000245,0.0000,-0.0018487
1790699700,0.7500,0.0007972,0.8750,0.0007821
1790700000,0.5000,-0.0001410,0.0000,-0.0024587
1790700300,0.5000,-0.0000460,0.2500,-0.0006010
1790700600,0.2500,-0.0010863,0.6250,0.0003837
1790700900,0.1250,-0.0006110,0.1250,-0.0007848
1790701200,0.5000,-0.0002951,0.3750,-0.0004383
1790701500,0.2500,-0.0005317,0.8750,0.0009033
1790701800,0.1250,-0.0005965,0.1250,-0.0005656
1790702100,0.2500,-0.0010116,0.0000,-0.0015046
1790702400,0.1250,-0.0004926,0.0000,-0.0015581
1790702700,0.1250,-0.0009165,0.3750,-0.0003007
1790703000,0.0000,-0.0012983,0.8750,0.0010710
1790703300,0.3750,-0.0001974,0.0000,-0.0013096
1790703600,0.5000,-0.0000618,0.5000,-0.0001280
1790703900,0.5000,-0.0004311,0.1250,-0.0007837
1790704200,0.1250,-0.0006925,0.3750,-0.0000919
1790704500,0.2500,-0.0002670,0.2500,-0.0000766
1790704800,0.3750,-0.0002672,1.0000,0.0025077
1790705100,0.1250,-0.0005811,0.7500,0.0007737
1790705400,0.2500,-0.0005615,0.5000,-0.0001701
1790705700,0.3750,-0.0006180,0.8750,0.0013300
1790706000,0.1250,-0.0006993,0.6250,0.0004345
1790706300,0.1250,-0.0004809,0.0000,-0.0011027
1790706600,0.2500,-0.0010016,0.5000,0.0000576
1790706900,0.5000,-0.0001456,0.8750,0.0007381
1790707200,0.5000,-0.0001324,0.8750,0.0009077
1790707500,0.2500,-0.0001559,0.7500,0.0004607
1790707800,0.6250,0.0001665,0.8750,0.0007760
1790708100,0.0000,-0.0010563,0.1250,-0.0003009
1790708400,0.7500,0.0002942,0.6250,0.0000707
1790708700,0.3750,-0.0003445,0.5000,0.0000625
1790709000,0.2500,-0.0006561,0.6250,0.0001723
1790709300,0.0000,-0.0008650,0.1250,-0.0010083
1790709600,0.3750,-0.0002666,0.1250,-0.0004893
1790709900,0.5000,0.0000158,0.0000,-0.0005237
1790710200,0.1250,-0.0005515,0.3750,-0.0000148
1790710500,0.2500,-0.0000600,0.0000,-0.0004721
1790710800,0.5000,0.0000491,0.0000,-0.0011589
1790711100,0.3750,0.0000274,0.0000,-0.0012906
1790711400,0.7500,0.0008564,0.7500,0.0005488
1790711700,0.1250,-0.0007102,0.3750,-0.0000349
1790712000,0.5000,0.0003273,0.1250,-0.0007065
1790712300,0.3750,-0.0004256,1.0000,0.0008399
1790712600,0.6250,0.0001541,0.0000,-0.0011200
1790712900,0.1250,-0.0003650,0.8750,0.0006505
1790713200,0.5000,-0.0001638,0.1250,-0.0004171
1790713500,0.6250,0.0000496,0.8750,0.0005034
1790713800,0.2500,-0.0003619,0.1250,-0.0005766
1790714100,0.3750,-0.0005867,0.3750,-0.0000221
1790714400,0.7500,0.0001446,0.5000,-0.0000348
1790714700,0.2500,-0.0001705,0.1250,-0.0007567
1790715000,0.5000,-0.0000043,0.2500,-0.0003427
1790715300,0.5000,-0.0000862,0.1250,-0.0003701
1790715600,0.2500,-0.0002528,0.2500,-0.0001785
1790715900,0.3750,0.0002197,0.8750,0.0007377
1790716200,0.2500,-0.0005489,0.6250,0.0002384
1790716500,0.6250,0.0004804,0.0000,-0.0008219
1790716800,0.3750,-0.0004397,0.0000,-0.0014630
1790717100,0.1250,-0.0005943,0.0000,-0.0007961
1790717400,0.6250,0.0006200,0.8750,0.0002961
1790717700,0.3750,-0.0002317,0.1250,-0.0002952
1790718000,0.3750,-0.0000499,0.7500,0.0004949
1790718300,0.6250,-0.0000204,0.1250,-0.0007317
1790718600,0.6250,0.0001108,0.5000,-0.0001705
1790718900,0.3750,-0.0000674,0.6250,0.0000363
1790719200,1.0000,0.0005441,1.0000,0.0014129
1790719500,0.5000,0.0000590,0.0000,-0.0008971
1790719800,0.6250,0.0000984,0.5000,-0.0000036
1790720100,0.2500,-0.0004808,0.0000,-0.0016769
1790720400,0.7500,0.0004098,0.3750,-0.0001571
1790720700,0.3750,-0.0000360,0.3750,-0.0001670
1790721000,0.6250,0.0001978,0.0000,-0.0015321
1790721300,0.7500,0.0002084,1.0000,0.0005268
1790721600,0.6250,0.0001947,1.0000,0.0004710
1790721900,0.3750,-0.0000835,0.2500,-0.0000616
1790722200,0.7500,0.0002431,1.0000,0.0006105
1790722500,0.5000,-0.0000325,0.3750,-0.0001189
1790722800,0.3750,-0.0001363,0.8750,0.0001448
1790723100,0.3750,-0.0000085,0.7500,0.0003858
1790723400,0.5000,-0.0000641,0.8750,0.0003573
1790723700,0.7500,0.0002113,0.2500,-0.0003008
1790724000,0.6250,0.0000629,0.0000,-0.0011501
1790724300,0.3750,-0.0003686,0.2500,-0.0004127
1790724600,0.5000,-0.0001883,0.2500,-0.0002038
1790724900,0.5000,-0.0000450,0.5000,0.0000185
1790725200,0.3750,-0.0000235,0.0000,-0.0006644
1790725500,0.6250,0.0003260,1.0000,0.0007735
1790725800,0.3750,-0.0001608,0.1250,-0.0002820
1790726100,0.8750,0.0000417,0.3750,-0.0000881
